STU0005,Andile Zwane,11A,11,7,25,59,58,64,57,53,323.00,46.10,2
STU0022,Palesa Dlamini,11B,11,43,51,19,72,75,47,51,358.00,51.10,1
STU0024,Nthabiseng Radebe,11B,11,64,28,24,59,48,39,53,315.00,45.00,3
STU0031,Bongani Sithole,11A,11,42,44,36,51,50,33,58,314.00,44.90,2
STU0032,Themba Cele,11B,11,62,38,83,74,70,52,48,427.00,61.00,1
STU0037,Given Zulu,11A,11,52,62,45,58,57,52,64,390.00,55.70,0
STU0040,Bongani Zwane,11B,11,31,20,71,18,78,77,73,368.00,52.60,3
STU0044,Thabo Radebe,11A,11,59,46,75,45,58,26,60,369.00,52.70,1
STU0049,Nthabiseng Sithole,11B,11,6,0,16,36,78,35,49,220.00,31.40,5
STU0057,Kgomotso Mokwena,11B,11,26,82,21,68,45,55,87,384.00,54.90,2
STU0064,Fikile Mabena,11A,11,13,32,59,65,61,23,60,313.00,44.70,3
STU0068,Ntando Cele,11A,11,19,11,60,44,81,48,63,326.00,46.60,2
STU0069,Precious Nkosi,11A,11,53,53,49,46,68,69,45,383.00,54.70,0
STU0070,Mbali Zwane,11A,11,0,72,44,51,76,41,74,358.00,51.10,1
STU0072,Katlego Mabaso,11B,11,16,13,83,55,89,55,56,367.00,52.40,2
STU0078,Ofentse Sithole,11A,11,46,41,43,61,74,50,33,348.00,49.70,1
STU0082,Katlego Tshabalala,11B,11,20,25,69,63,57,45,40,319.00,45.60,2
STU0084,Sifiso Sibiya,11B,11,33,59,54,43,55,45,54,343.00,49.00,1
STU0090,Ntando Molefe,11B,11,31,23,52,63,82,39,47,337.00,48.10,3
STU0094,Zinhle Molefe,11B,11,44,62,42,67,56,27,47,345.00,49.30,1
STU0096,Naledi Radebe,11A,11,0,31,54,37,62,53,43,280.00,40.00,3
STU0097,Zanele Zwane,11B,11,24,29,56,51,56,53,52,321.00,45.90,2
STU0098,Ayanda Dlamini,11B,11,38,88,32,44,94,43,37,376.00,53.70,3
STU0099,Buhle Nkosi,11B,11,41,31,37,64,60,75,80,388.00,55.40,2
